{
	"start":	{
		"connected":	[{
				"socket":	5,
				"local_host":	"10.47.0.22",
				"local_port":	41510,
				"remote_host":	"10.107.231.184",
				"remote_port":	5201
			}],
		"version":	"iperf 3.6",
		"system_info":	"Linux iperf3-clients-p5skt 5.4.0-80-generic #90-Ubuntu SMP Fri Jul 9 22:49:44 UTC 2021 x86_64",
		"timestamp":	{
			"time":	"Thu, 26 Aug 2021 14:04:35 GMT",
			"timesecs":	1629986675
		},
		"connecting_to":	{
			"host":	"iperf3-server",
			"port":	5201
		},
		"cookie":	"mzb3ygzu72yrhkxsbmh3yhquc5fdrb5lmbrk",
		"tcp_mss_default":	1324,
		"sock_bufsize":	0,
		"sndbuf_actual":	16384,
		"rcvbuf_actual":	131072,
		"test_start":	{
			"protocol":	"TCP",
			"num_streams":	1,
			"blksize":	131072,
			"omit":	0,
			"duration":	10,
			"bytes":	0,
			"blocks":	0,
			"reverse":	0,
			"tos":	0
		}
	},
	"intervals":	[{
			"streams":	[{
					"socket":	5,
					"start":	0,
					"end":	1.0002079010009766,
					"seconds":	1.0002079010009766,
					"bytes":	59495264,
					"bits_per_second":	475863179.56863981,
					"retransmits":	781,
					"snd_cwnd":	6620,
					"rtt":	245,
					"rttvar":	68,
					"pmtu":	1376,
					"omitted":	false
				}],
			"sum":	{
				"start":	0,
				"end":	1.0002079010009766,
				"seconds":	1.0002079010009766,
				"bytes":	59495264,
				"bits_per_second":	475863179.56863981,
				"retransmits":	781,
				"omitted":	false
			}
		}, {
			"streams":	[{
					"socket":	5,
					"start":	1.0002079010009766,
					"end":	2.000298023223877,
					"seconds":	1.0000901222229004,
					"bytes":	42093928,
					"bits_per_second":	336721077.94795793,
					"retransmits":	532,
					"snd_cwnd":	18536,
					"rtt":	302,
					"rttvar":	177,
					"pmtu":	1376,
					"omitted":	false
				}],
			"sum":	{
				"start":	1.0002079010009766,
				"end":	2.000298023223877,
				"seconds":	1.0000901222229004,
				"bytes":	42093928,
				"bits_per_second":	336721077.94795793,
				"retransmits":	532,
				"omitted":	false
			}
		}, {
			"streams":	[{
					"socket":	5,
					"start":	2.000298023223877,
					"end":	3.0000720024108887,
					"seconds":	0.99977397918701172,
					"bytes":	57764796,
					"bits_per_second":	462222839.9820745,
					"retransmits":	752,
					"snd_cwnd":	11916,
					"rtt":	153,
					"rttvar":	28,
					"pmtu":	1376,
					"omitted":	false
				}],
			"sum":	{
				"start":	2.000298023223877,
				"end":	3.0000720024108887,
				"seconds":	0.99977397918701172,
				"bytes":	57764796,
				"bits_per_second":	462222839.9820745,
				"retransmits":	752,
				"omitted":	false
			}
		}, {
			"streams":	[{
					"socket":	5,
					"start":	3.0000720024108887,
					"end":	4.000140905380249,
					"seconds":	1.0000689029693604,
					"bytes":	63992888,
					"bits_per_second":	511907832.03033429,
					"retransmits":	837,
					"snd_cwnd":	19860,
					"rtt":	895,
					"rttvar":	1175,
					"pmtu":	1376,
					"omitted":	false
				}],
			"sum":	{
				"start":	3.0000720024108887,
				"end":	4.000140905380249,
				"seconds":	1.0000689029693604,
				"bytes":	63992888,
				"bits_per_second":	511907832.03033429,
				"retransmits":	837,
				"omitted":	false
			}
		}, {
			"streams":	[{
					"socket":	5,
					"start":	4.000140905380249,
					"end":	5.000126838684082,
					"seconds":	0.999985933303833,
					"bytes":	44204388,
					"bits_per_second":	353640078.54753739,
					"retransmits":	574,
					"snd_cwnd":	14564,
					"rtt":	368,
					"rttvar":	147,
					"pmtu":	1376,
					"omitted":	false
				}],
			"sum":	{
				"start":	4.000140905380249,
				"end":	5.000126838684082,
				"seconds":	0.999985933303833,
				"bytes":	44204388,
				"bits_per_second":	353640078.54753739,
				"retransmits":	574,
				"omitted":	false
			}
		}, {
			"streams":	[{
					"socket":	5,
					"start":	5.000126838684082,
					"end":	6.0001339912414551,
					"seconds":	1.000007152557373,
					"bytes":	54877152,
					"bits_per_second":	439014075.92663437,
					"retransmits":	775,
					"snd_cwnd":	14564,
					"rtt":	414,
					"rttvar":	327,
					"pmtu":	1376,
					"omitted":	false
				}],
			"sum":	{
				"start":	5.000126838684082,
				"end":	6.0001339912414551,
				"seconds":	1.000007152557373,
				"bytes":	54877152,
				"bits_per_second":	439014075.92663437,
				"retransmits":	775,
				"omitted":	false
			}
		}, {
			"streams":	[{
					"socket":	5,
					"start":	6.0001339912414551,
					"end":	7.0001809597015381,
					"seconds":	1.000046968460083,
					"bytes":	49176008,
					"bits_per_second":	393389587.09688139,
					"retransmits":	705,
					"snd_cwnd":	22508,
					"rtt":	229,
					"rttvar":	84,
					"pmtu":	1376,
					"omitted":	false
				}],
			"sum":	{
				"start":	6.0001339912414551,
				"end":	7.0001809597015381,
				"seconds":	1.000046968460083,
				"bytes":	49176008,
				"bits_per_second":	393389587.09688139,
				"retransmits":	705,
				"omitted":	false
			}
		}, {
			"streams":	[{
					"socket":	5,
					"start":	7.0001809597015381,
					"end":	8.00034785270691,
					"seconds":	1.0001668930053711,
					"bytes":	54346228,
					"bits_per_second":	434697276.06517088,
					"retransmits":	705,
					"snd_cwnd":	11916,
					"rtt":	332,
					"rttvar":	215,
					"pmtu":	1376,
					"omitted":	false
				}],
			"sum":	{
				"start":	7.0001809597015381,
				"end":	8.00034785270691,
				"seconds":	1.0001668930053711,
				"bytes":	54346228,
				"bits_per_second":	434697276.06517088,
				"retransmits":	705,
				"omitted":	false
			}
		}, {
			"streams":	[{
					"socket":	5,
					"start":	8.00034785270691,
					"end":	9.0001349449157715,
					"seconds":	0.9997870922088623,
					"bytes":	49435512,
					"bits_per_second":	395568315.57631344,
					"retransmits":	681,
					"snd_cwnd":	34424,
					"rtt":	238,
					"rttvar":	62,
					"pmtu":	1376,
					"omitted":	false
				}],
			"sum":	{
				"start":	8.00034785270691,
				"end":	9.0001349449157715,
				"seconds":	0.9997870922088623,
				"bytes":	49435512,
				"bits_per_second":	395568315.57631344,
				"retransmits":	681,
				"omitted":	false
			}
		}, {
			"streams":	[{
					"socket":	5,
					"start":	9.0001349449157715,
					"end":	10.00012993812561,
					"seconds":	0.99999499320983887,
					"bytes":	47164852,
					"bits_per_second":	377320705.16559422,
					"retransmits":	586,
					"snd_cwnd":	17212,
					"rtt":	196,
					"rttvar":	26,
					"pmtu":	1376,
					"omitted":	false
				}],
			"sum":	{
				"start":	9.0001349449157715,
				"end":	10.00012993812561,
				"seconds":	0.99999499320983887,
				"bytes":	47164852,
				"bits_per_second":	377320705.16559422,
				"retransmits":	586,
				"omitted":	false
			}
		}],
	"end":	{
		"streams":	[{
				"sender":	{
					"socket":	5,
					"start":	0,
					"end":	10.00012993812561,
					"seconds":	10.00012993812561,
					"bytes":	522551016,
					"bits_per_second":	418035380.92661637,
					"retransmits":	6928,
					"max_snd_cwnd":	34424,
					"max_rtt":	895,
					"min_rtt":	153,
					"mean_rtt":	337
				},
				"receiver":	{
					"socket":	5,
					"start":	0,
					"end":	10.00037407875061,
					"seconds":	10.00012993812561,
					"bytes":	522245172,
					"bits_per_second":	417780509.31890446
				}
			}],
		"sum_sent":	{
			"start":	0,
			"end":	10.00012993812561,
			"seconds":	10.00012993812561,
			"bytes":	522551016,
			"bits_per_second":	418035380.92661637,
			"retransmits":	6928
		},
		"sum_received":	{
			"start":	0,
			"end":	10.00037407875061,
			"seconds":	10.00037407875061,
			"bytes":	522245172,
			"bits_per_second":	417780509.31890446
		},
		"cpu_utilization_percent":	{
			"host_total":	7.7665043027666512,
			"host_user":	0.81319580422516713,
			"host_system":	6.9532885038080972,
			"remote_total":	20.861801505270545,
			"remote_user":	2.3914934511235608,
			"remote_system":	18.470308054146987
		},