{
	"start":	{
		"connected":	[{
				"socket":	5,
				"local_host":	"10.32.0.27",
				"local_port":	54306,
				"remote_host":	"10.107.231.184",
				"remote_port":	5201
			}],
		"version":	"iperf 3.6",
		"system_info":	"Linux iperf3-clients-dpsrs 5.4.0-80-generic #90-Ubuntu SMP Fri Jul 9 22:49:44 UTC 2021 x86_64",
		"timestamp":	{
			"time":	"Tue, 24 Aug 2021 07:09:24 GMT",
			"timesecs":	1629788964
		},
		"connecting_to":	{
			"host":	"iperf3-server",
			"port":	5201
		},
		"cookie":	"s4lfxpzy6kkohuiqlthd7n6uy552su3le4yb",
		"tcp_mss_default":	1324,
		"sock_bufsize":	0,
		"sndbuf_actual":	16384,
		"rcvbuf_actual":	131072,
		"test_start":	{
			"protocol":	"TCP",
			"num_streams":	1,
			"blksize":	131072,
			"omit":	0,
			"duration":	10,
			"bytes":	0,
			"blocks":	0,
			"reverse":	0,
			"tos":	0
		}
	},
	"intervals":	[{
			"streams":	[{
					"socket":	5,
					"start":	0,
					"end":	1.0001258850097656,
					"seconds":	1.0001258850097656,
					"bytes":	31871328,
					"bits_per_second":	254938531.0605278,
					"retransmits":	402,
					"snd_cwnd":	11916,
					"rtt":	453,
					"rttvar":	110,
					"pmtu":	1376,
					"omitted":	false
				}],
			"sum":	{
				"start":	0,
				"end":	1.0001258850097656,
				"seconds":	1.0001258850097656,
				"bytes":	31871328,
				"bits_per_second":	254938531.0605278,
				"retransmits":	402,
				"omitted":	false
			}
		}, {
			"streams":	[{
					"socket":	5,
					"start":	1.0001258850097656,
					"end":	2.0001289844512939,
					"seconds":	1.0000030994415283,
					"bytes":	32856384,
					"bits_per_second":	262850257.31099677,
					"retransmits":	422,
					"snd_cwnd":	13240,
					"rtt":	414,
					"rttvar":	68,
					"pmtu":	1376,
					"omitted":	false
				}],
			"sum":	{
				"start":	1.0001258850097656,
				"end":	2.0001289844512939,
				"seconds":	1.0000030994415283,
				"bytes":	32856384,
				"bits_per_second":	262850257.31099677,
				"retransmits":	422,
				"omitted":	false
			}
		}, {
			"streams":	[{
					"socket":	5,
					"start":	2.0001289844512939,
					"end":	3.0000970363616943,
					"seconds":	0.99996805191040039,
					"bytes":	32848440,
					"bits_per_second":	262795915.82746527,
					"retransmits":	432,
					"snd_cwnd":	15888,
					"rtt":	411,
					"rttvar":	74,
					"pmtu":	1376,
					"omitted":	false
				}],
			"sum":	{
				"start":	2.0001289844512939,
				"end":	3.0000970363616943,
				"seconds":	0.99996805191040039,
				"bytes":	32848440,
				"bits_per_second":	262795915.82746527,
				"retransmits":	432,
				"omitted":	false
			}
		}, {
			"streams":	[{
					"socket":	5,
					"start":	3.0000970363616943,
					"end":	4.0000829696655273,
					"seconds":	0.999985933303833,
					"bytes":	31566808,
					"bits_per_second":	252538016.37554696,
					"retransmits":	412,
					"snd_cwnd":	19860,
					"rtt":	436,
					"rttvar":	68,
					"pmtu":	1376,
					"omitted":	false
				}],
			"sum":	{
				"start":	3.0000970363616943,
				"end":	4.0000829696655273,
				"seconds":	0.999985933303833,
				"bytes":	31566808,
				"bits_per_second":	252538016.37554696,
				"retransmits":	412,
				"omitted":	false
			}
		}, {
			"streams":	[{
					"socket":	5,
					"start":	4.0000829696655273,
					"end":	5.0001239776611328,
					"seconds":	1.0000410079956055,
					"bytes":	30297092,
					"bits_per_second":	242366797.02345276,
					"retransmits":	404,
					"snd_cwnd":	13240,
					"rtt":	405,
					"rttvar":	90,
					"pmtu":	1376,
					"omitted":	false
				}],
			"sum":	{
				"start":	4.0000829696655273,
				"end":	5.0001239776611328,
				"seconds":	1.0000410079956055,
				"bytes":	30297092,
				"bits_per_second":	242366797.02345276,
				"retransmits":	404,
				"omitted":	false
			}
		}, {
			"streams":	[{
					"socket":	5,
					"start":	5.0001239776611328,
					"end":	6.00008487701416,
					"seconds":	0.99996089935302734,
					"bytes":	33411140,
					"bits_per_second":	267299571.58618453,
					"retransmits":	448,
					"snd_cwnd":	6620,
					"rtt":	444,
					"rttvar":	179,
					"pmtu":	1376,
					"omitted":	false
				}],
			"sum":	{
				"start":	5.0001239776611328,
				"end":	6.00008487701416,
				"seconds":	0.99996089935302734,
				"bytes":	33411140,
				"bits_per_second":	267299571.58618453,
				"retransmits":	448,
				"omitted":	false
			}
		}, {
			"streams":	[{
					"socket":	5,
					"start":	6.00008487701416,
					"end":	7.0001020431518555,
					"seconds":	1.0000171661376953,
					"bytes":	32567752,
					"bits_per_second":	260537543.57665217,
					"retransmits":	404,
					"snd_cwnd":	6620,
					"rtt":	503,
					"rttvar":	167,
					"pmtu":	1376,
					"omitted":	false
				}],
			"sum":	{
				"start":	6.00008487701416,
				"end":	7.0001020431518555,
				"seconds":	1.0000171661376953,
				"bytes":	32567752,
				"bits_per_second":	260537543.57665217,
				"retransmits":	404,
				"omitted":	false
			}
		}, {
			"streams":	[{
					"socket":	5,
					"start":	7.0001020431518555,
					"end":	8.000126838684082,
					"seconds":	1.0000247955322266,
					"bytes":	30880976,
					"bits_per_second":	247041682.470001,
					"retransmits":	398,
					"snd_cwnd":	9268,
					"rtt":	462,
					"rttvar":	253,
					"pmtu":	1376,
					"omitted":	false
				}],
			"sum":	{
				"start":	7.0001020431518555,
				"end":	8.000126838684082,
				"seconds":	1.0000247955322266,
				"bytes":	30880976,
				"bits_per_second":	247041682.470001,
				"retransmits":	398,
				"omitted":	false
			}
		}, {
			"streams":	[{
					"socket":	5,
					"start":	8.000126838684082,
					"end":	9.0000779628753662,
					"seconds":	0.99995112419128418,
					"bytes":	15116108,
					"bits_per_second":	120934774.78491949,
					"retransmits":	187,
					"snd_cwnd":	18536,
					"rtt":	394,
					"rttvar":	85,
					"pmtu":	1376,
					"omitted":	false
				}],
			"sum":	{
				"start":	8.000126838684082,
				"end":	9.0000779628753662,
				"seconds":	0.99995112419128418,
				"bytes":	15116108,
				"bits_per_second":	120934774.78491949,
				"retransmits":	187,
				"omitted":	false
			}
		}, {
			"streams":	[{
					"socket":	5,
					"start":	9.0000779628753662,
					"end":	10.000144004821777,
					"seconds":	1.0000660419464111,
					"bytes":	33550160,
					"bits_per_second":	268383555.42761481,
					"retransmits":	428,
					"snd_cwnd":	13240,
					"rtt":	473,
					"rttvar":	173,
					"pmtu":	1376,
					"omitted":	false
				}],
			"sum":	{
				"start":	9.0000779628753662,
				"end":	10.000144004821777,
				"seconds":	1.0000660419464111,
				"bytes":	33550160,
				"bits_per_second":	268383555.42761481,
				"retransmits":	428,
				"omitted":	false
			}
		}],
	"end":	{
		"streams":	[{
				"sender":	{
					"socket":	5,
					"start":	0,
					"end":	10.000144004821777,
					"seconds":	10.000144004821777,
					"bytes":	304966188,
					"bits_per_second":	243969437.1224688,
					"retransmits":	3937,
					"max_snd_cwnd":	19860,
					"max_rtt":	503,
					"min_rtt":	394,
					"mean_rtt":	439
				},
				"receiver":	{
					"socket":	5,
					"start":	0,
					"end":	10.000401020050049,
					"seconds":	10.000144004821777,
					"bytes":	304719924,
					"bits_per_second":	243766163.68808377
				}
			}],
		"sum_sent":	{
			"start":	0,
			"end":	10.000144004821777,
			"seconds":	10.000144004821777,
			"bytes":	304966188,
			"bits_per_second":	243969437.1224688,
			"retransmits":	3937
		},
		"sum_received":	{
			"start":	0,
			"end":	10.000401020050049,
			"seconds":	10.000401020050049,
			"bytes":	304719924,
			"bits_per_second":	243766163.68808377
		},
		"cpu_utilization_percent":	{
			"host_total":	4.1454583035401766,
			"host_user":	0.65715524511813683,
			"host_system":	3.4883130533306335,
			"remote_total":	23.312107387853086,
			"remote_user":	2.7299503378464047,
			"remote_system":	20.582157050006682
		},