{
	"start":	{
		"connected":	[{
				"socket":	5,
				"local_host":	"10.32.0.27",
				"local_port":	60122,
				"remote_host":	"10.107.231.184",
				"remote_port":	5201
			}],
		"version":	"iperf 3.6",
		"system_info":	"Linux iperf3-clients-dpsrs 5.4.0-80-generic #90-Ubuntu SMP Fri Jul 9 22:49:44 UTC 2021 x86_64",
		"timestamp":	{
			"time":	"Thu, 26 Aug 2021 15:34:27 GMT",
			"timesecs":	1629992067
		},
		"connecting_to":	{
			"host":	"iperf3-server",
			"port":	5201
		},
		"cookie":	"oexrqcj6xiwdjq7cikhsizc3hqx4bc7jzfhy",
		"tcp_mss_default":	1324,
		"sock_bufsize":	0,
		"sndbuf_actual":	16384,
		"rcvbuf_actual":	131072,
		"test_start":	{
			"protocol":	"TCP",
			"num_streams":	1,
			"blksize":	131072,
			"omit":	0,
			"duration":	10,
			"bytes":	0,
			"blocks":	0,
			"reverse":	0,
			"tos":	0
		}
	},
	"intervals":	[{
			"streams":	[{
					"socket":	5,
					"start":	0,
					"end":	1.0000820159912109,
					"seconds":	1.0000820159912109,
					"bytes":	23694304,
					"bits_per_second":	189538886.78032771,
					"retransmits":	364,
					"snd_cwnd":	5296,
					"rtt":	395,
					"rttvar":	109,
					"pmtu":	1376,
					"omitted":	false
				}],
			"sum":	{
				"start":	0,
				"end":	1.0000820159912109,
				"seconds":	1.0000820159912109,
				"bytes":	23694304,
				"bits_per_second":	189538886.78032771,
				"retransmits":	364,
				"omitted":	false
			}
		}, {
			"streams":	[{
					"socket":	5,
					"start":	1.0000820159912109,
					"end":	2.0001051425933838,
					"seconds":	1.0000231266021729,
					"bytes":	28754632,
					"bits_per_second":	230031736.147551,
					"retransmits":	451,
					"snd_cwnd":	19860,
					"rtt":	390,
					"rttvar":	84,
					"pmtu":	1376,
					"omitted":	false
				}],
			"sum":	{
				"start":	1.0000820159912109,
				"end":	2.0001051425933838,
				"seconds":	1.0000231266021729,
				"bytes":	28754632,
				"bits_per_second":	230031736.147551,
				"retransmits":	451,
				"omitted":	false
			}
		}, {
			"streams":	[{
					"socket":	5,
					"start":	2.0001051425933838,
					"end":	3.0001029968261719,
					"seconds":	0.99999785423278809,
					"bytes":	30937908,
					"bits_per_second":	247503795.08552831,
					"retransmits":	495,
					"snd_cwnd":	5296,
					"rtt":	454,
					"rttvar":	165,
					"pmtu":	1376,
					"omitted":	false
				}],
			"sum":	{
				"start":	2.0001051425933838,
				"end":	3.0001029968261719,
				"seconds":	0.99999785423278809,
				"bytes":	30937908,
				"bits_per_second":	247503795.08552831,
				"retransmits":	495,
				"omitted":	false
			}
		}, {
			"streams":	[{
					"socket":	5,
					"start":	3.0001029968261719,
					"end":	4.0001249313354492,
					"seconds":	1.0000219345092773,
					"bytes":	31214624,
					"bits_per_second":	249711514.70046413,
					"retransmits":	465,
					"snd_cwnd":	9268,
					"rtt":	409,
					"rttvar":	139,
					"pmtu":	1376,
					"omitted":	false
				}],
			"sum":	{
				"start":	3.0001029968261719,
				"end":	4.0001249313354492,
				"seconds":	1.0000219345092773,
				"bytes":	31214624,
				"bits_per_second":	249711514.70046413,
				"retransmits":	465,
				"omitted":	false
			}
		}, {
			"streams":	[{
					"socket":	5,
					"start":	4.0001249313354492,
					"end":	5.0001280307769775,
					"seconds":	1.0000030994415283,
					"bytes":	30334164,
					"bits_per_second":	242672559.85059023,
					"retransmits":	469,
					"snd_cwnd":	17212,
					"rtt":	404,
					"rttvar":	81,
					"pmtu":	1376,
					"omitted":	false
				}],
			"sum":	{
				"start":	4.0001249313354492,
				"end":	5.0001280307769775,
				"seconds":	1.0000030994415283,
				"bytes":	30334164,
				"bits_per_second":	242672559.85059023,
				"retransmits":	469,
				"omitted":	false
			}
		}, {
			"streams":	[{
					"socket":	5,
					"start":	5.0001280307769775,
					"end":	6.0001261234283447,
					"seconds":	0.99999809265136719,
					"bytes":	30980276,
					"bits_per_second":	247842680.72239822,
					"retransmits":	475,
					"snd_cwnd":	17212,
					"rtt":	395,
					"rttvar":	26,
					"pmtu":	1376,
					"omitted":	false
				}],
			"sum":	{
				"start":	5.0001280307769775,
				"end":	6.0001261234283447,
				"seconds":	0.99999809265136719,
				"bytes":	30980276,
				"bits_per_second":	247842680.72239822,
				"retransmits":	475,
				"omitted":	false
			}
		}, {
			"streams":	[{
					"socket":	5,
					"start":	6.0001261234283447,
					"end":	7.0001270771026611,
					"seconds":	1.0000009536743164,
					"bytes":	23060108,
					"bits_per_second":	184480688.06550592,
					"retransmits":	353,
					"snd_cwnd":	9268,
					"rtt":	388,
					"rttvar":	70,
					"pmtu":	1376,
					"omitted":	false
				}],
			"sum":	{
				"start":	6.0001261234283447,
				"end":	7.0001270771026611,
				"seconds":	1.0000009536743164,
				"bytes":	23060108,
				"bits_per_second":	184480688.06550592,
				"retransmits":	353,
				"omitted":	false
			}
		}, {
			"streams":	[{
					"socket":	5,
					"start":	7.0001270771026611,
					"end":	8.0001900196075439,
					"seconds":	1.0000629425048828,
					"bytes":	29019432,
					"bits_per_second":	232140844.4737632,
					"retransmits":	490,
					"snd_cwnd":	5296,
					"rtt":	441,
					"rttvar":	181,
					"pmtu":	1376,
					"omitted":	false
				}],
			"sum":	{
				"start":	7.0001270771026611,
				"end":	8.0001900196075439,
				"seconds":	1.0000629425048828,
				"bytes":	29019432,
				"bits_per_second":	232140844.4737632,
				"retransmits":	490,
				"omitted":	false
			}
		}, {
			"streams":	[{
					"socket":	5,
					"start":	8.0001900196075439,
					"end":	9.0000700950622559,
					"seconds":	0.99988007545471191,
					"bytes":	37448016,
					"bits_per_second":	299620059.79943061,
					"retransmits":	573,
					"snd_cwnd":	13240,
					"rtt":	242,
					"rttvar":	124,
					"pmtu":	1376,
					"omitted":	false
				}],
			"sum":	{
				"start":	8.0001900196075439,
				"end":	9.0000700950622559,
				"seconds":	0.99988007545471191,
				"bytes":	37448016,
				"bits_per_second":	299620059.79943061,
				"retransmits":	573,
				"omitted":	false
			}
		}, {
			"streams":	[{
					"socket":	5,
					"start":	9.0000700950622559,
					"end":	10.000117063522339,
					"seconds":	1.000046968460083,
					"bytes":	59854068,
					"bits_per_second":	478810055.029043,
					"retransmits":	961,
					"snd_cwnd":	23832,
					"rtt":	255,
					"rttvar":	29,
					"pmtu":	1376,
					"omitted":	false
				}],
			"sum":	{
				"start":	9.0000700950622559,
				"end":	10.000117063522339,
				"seconds":	1.000046968460083,
				"bytes":	59854068,
				"bits_per_second":	478810055.029043,
				"retransmits":	961,
				"omitted":	false
			}
		}],
	"end":	{
		"streams":	[{
				"sender":	{
					"socket":	5,
					"start":	0,
					"end":	10.000117063522339,
					"seconds":	10.000117063522339,
					"bytes":	325297532,
					"bits_per_second":	260234979.19766992,
					"retransmits":	5096,
					"max_snd_cwnd":	23832,
					"max_rtt":	454,
					"min_rtt":	242,
					"mean_rtt":	377
				},
				"receiver":	{
					"socket":	5,
					"start":	0,
					"end":	10.000550985336304,
					"seconds":	10.000117063522339,
					"bytes":	325108200,
					"bits_per_second":	260072230.40146691
				}
			}],
		"sum_sent":	{
			"start":	0,
			"end":	10.000117063522339,
			"seconds":	10.000117063522339,
			"bytes":	325297532,
			"bits_per_second":	260234979.19766992,
			"retransmits":	5096
		},
		"sum_received":	{
			"start":	0,
			"end":	10.000550985336304,
			"seconds":	10.000550985336304,
			"bytes":	325108200,
			"bits_per_second":	260072230.40146691
		},
		"cpu_utilization_percent":	{
			"host_total":	5.2522539351849771,
			"host_user":	0.49687872842703446,
			"host_system":	4.7553852017034988,
			"remote_total":	23.591894168673448,
			"remote_user":	2.6320420082393494,
			"remote_system":	20.95986170290324
		},