{
	"start":	{
		"connected":	[{
				"socket":	5,
				"local_host":	"10.44.0.4",
				"local_port":	43504,
				"remote_host":	"10.107.231.184",
				"remote_port":	5201
			}],
		"version":	"iperf 3.6",
		"system_info":	"Linux iperf3-clients-9hmmg 5.4.0-80-generic #90-Ubuntu SMP Fri Jul 9 22:49:44 UTC 2021 x86_64",
		"timestamp":	{
			"time":	"Thu, 26 Aug 2021 15:34:17 GMT",
			"timesecs":	1629992057
		},
		"connecting_to":	{
			"host":	"iperf3-server",
			"port":	5201
		},
		"cookie":	"hfnfqv6kpve5rl6hadt6rb22yc4gejdqu52k",
		"tcp_mss_default":	1324,
		"sock_bufsize":	0,
		"sndbuf_actual":	12582912,
		"rcvbuf_actual":	12582912,
		"test_start":	{
			"protocol":	"TCP",
			"num_streams":	1,
			"blksize":	131072,
			"omit":	0,
			"duration":	10,
			"bytes":	0,
			"blocks":	0,
			"reverse":	0,
			"tos":	0
		}
	},
	"intervals":	[{
			"streams":	[{
					"socket":	5,
					"start":	0,
					"end":	1.0000619888305664,
					"seconds":	1.0000619888305664,
					"bytes":	2240020480,
					"bits_per_second":	17919053058.856026,
					"retransmits":	0,
					"snd_cwnd":	2477204,
					"rtt":	62,
					"rttvar":	1,
					"pmtu":	1376,
					"omitted":	false
				}],
			"sum":	{
				"start":	0,
				"end":	1.0000619888305664,
				"seconds":	1.0000619888305664,
				"bytes":	2240020480,
				"bits_per_second":	17919053058.856026,
				"retransmits":	0,
				"omitted":	false
			}
		}, {
			"streams":	[{
					"socket":	5,
					"start":	1.0000619888305664,
					"end":	2.0003170967102051,
					"seconds":	1.0002551078796387,
					"bytes":	2217738240,
					"bits_per_second":	17737380974.349289,
					"retransmits":	0,
					"snd_cwnd":	2931336,
					"rtt":	59,
					"rttvar":	8,
					"pmtu":	1376,
					"omitted":	false
				}],
			"sum":	{
				"start":	1.0000619888305664,
				"end":	2.0003170967102051,
				"seconds":	1.0002551078796387,
				"bytes":	2217738240,
				"bits_per_second":	17737380974.349289,
				"retransmits":	0,
				"omitted":	false
			}
		}, {
			"streams":	[{
					"socket":	5,
					"start":	2.0003170967102051,
					"end":	3.0003819465637207,
					"seconds":	1.0000648498535156,
					"bytes":	2300313600,
					"bits_per_second":	18401315477.386795,
					"retransmits":	0,
					"snd_cwnd":	3821064,
					"rtt":	59,
					"rttvar":	3,
					"pmtu":	1376,
					"omitted":	false
				}],
			"sum":	{
				"start":	2.0003170967102051,
				"end":	3.0003819465637207,
				"seconds":	1.0000648498535156,
				"bytes":	2300313600,
				"bits_per_second":	18401315477.386795,
				"retransmits":	0,
				"omitted":	false
			}
		}, {
			"streams":	[{
					"socket":	5,
					"start":	3.0003819465637207,
					"end":	4.0003430843353271,
					"seconds":	0.99996113777160645,
					"bytes":	2368471040,
					"bits_per_second":	18948504701.117413,
					"retransmits":	0,
					"snd_cwnd":	4649888,
					"rtt":	66,
					"rttvar":	7,
					"pmtu":	1376,
					"omitted":	false
				}],
			"sum":	{
				"start":	3.0003819465637207,
				"end":	4.0003430843353271,
				"seconds":	0.99996113777160645,
				"bytes":	2368471040,
				"bits_per_second":	18948504701.117413,
				"retransmits":	0,
				"omitted":	false
			}
		}, {
			"streams":	[{
					"socket":	5,
					"start":	4.0003430843353271,
					"end":	5.0000100135803223,
					"seconds":	0.99966692924499512,
					"bytes":	2274099200,
					"bits_per_second":	18198855106.410515,
					"retransmits":	0,
					"snd_cwnd":	5632296,
					"rtt":	56,
					"rttvar":	2,
					"pmtu":	1376,
					"omitted":	false
				}],
			"sum":	{
				"start":	4.0003430843353271,
				"end":	5.0000100135803223,
				"seconds":	0.99966692924499512,
				"bytes":	2274099200,
				"bits_per_second":	18198855106.410515,
				"retransmits":	0,
				"omitted":	false
			}
		}, {
			"streams":	[{
					"socket":	5,
					"start":	5.0000100135803223,
					"end":	6.0000109672546387,
					"seconds":	1.0000009536743164,
					"bytes":	2371092480,
					"bits_per_second":	18968721750.01725,
					"retransmits":	0,
					"snd_cwnd":	5632296,
					"rtt":	55,
					"rttvar":	4,
					"pmtu":	1376,
					"omitted":	false
				}],
			"sum":	{
				"start":	5.0000100135803223,
				"end":	6.0000109672546387,
				"seconds":	1.0000009536743164,
				"bytes":	2371092480,
				"bits_per_second":	18968721750.01725,
				"retransmits":	0,
				"omitted":	false
			}
		}, {
			"streams":	[{
					"socket":	5,
					"start":	6.0000109672546387,
					"end":	7.0004420280456543,
					"seconds":	1.0004310607910156,
					"bytes":	2229534720,
					"bits_per_second":	17828592552.7915,
					"retransmits":	0,
					"snd_cwnd":	5632296,
					"rtt":	55,
					"rttvar":	6,
					"pmtu":	1376,
					"omitted":	false
				}],
			"sum":	{
				"start":	6.0000109672546387,
				"end":	7.0004420280456543,
				"seconds":	1.0004310607910156,
				"bytes":	2229534720,
				"bits_per_second":	17828592552.7915,
				"retransmits":	0,
				"omitted":	false
			}
		}, {
			"streams":	[{
					"socket":	5,
					"start":	7.0004420280456543,
					"end":	8.000338077545166,
					"seconds":	0.99989604949951172,
					"bytes":	2287206400,
					"bits_per_second":	18299553447.739605,
					"retransmits":	0,
					"snd_cwnd":	5912984,
					"rtt":	62,
					"rttvar":	7,
					"pmtu":	1376,
					"omitted":	false
				}],
			"sum":	{
				"start":	7.0004420280456543,
				"end":	8.000338077545166,
				"seconds":	0.99989604949951172,
				"bytes":	2287206400,
				"bits_per_second":	18299553447.739605,
				"retransmits":	0,
				"omitted":	false
			}
		}, {
			"streams":	[{
					"socket":	5,
					"start":	8.000338077545166,
					"end":	9.0002560615539551,
					"seconds":	0.99991798400878906,
					"bytes":	2280652800,
					"bits_per_second":	18246718922.738796,
					"retransmits":	0,
					"snd_cwnd":	6519376,
					"rtt":	52,
					"rttvar":	15,
					"pmtu":	1376,
					"omitted":	false
				}],
			"sum":	{
				"start":	8.000338077545166,
				"end":	9.0002560615539551,
				"seconds":	0.99991798400878906,
				"bytes":	2280652800,
				"bits_per_second":	18246718922.738796,
				"retransmits":	0,
				"omitted":	false
			}
		}, {
			"streams":	[{
					"socket":	5,
					"start":	9.0002560615539551,
					"end":	10.000137090682983,
					"seconds":	0.99988102912902832,
					"bytes":	2144337920,
					"bits_per_second":	17156744512.83773,
					"retransmits":	0,
					"snd_cwnd":	6519376,
					"rtt":	83,
					"rttvar":	21,
					"pmtu":	1376,
					"omitted":	false
				}],
			"sum":	{
				"start":	9.0002560615539551,
				"end":	10.000137090682983,
				"seconds":	0.99988102912902832,
				"bytes":	2144337920,
				"bits_per_second":	17156744512.83773,
				"retransmits":	0,
				"omitted":	false
			}
		}],
	"end":	{
		"streams":	[{
				"sender":	{
					"socket":	5,
					"start":	0,
					"end":	10.000137090682983,
					"seconds":	10.000137090682983,
					"bytes":	22713466880,
					"bits_per_second":	18170524403.039944,
					"retransmits":	0,
					"max_snd_cwnd":	6519376,
					"max_rtt":	83,
					"min_rtt":	52,
					"mean_rtt":	60
				},
				"receiver":	{
					"socket":	5,
					"start":	0,
					"end":	10.000200033187866,
					"seconds":	10.000137090682983,
					"bytes":	22713466880,
					"bits_per_second":	18170410035.495575
				}
			}],
		"sum_sent":	{
			"start":	0,
			"end":	10.000137090682983,
			"seconds":	10.000137090682983,
			"bytes":	22713466880,
			"bits_per_second":	18170524403.039944,
			"retransmits":	0
		},
		"sum_received":	{
			"start":	0,
			"end":	10.000200033187866,
			"seconds":	10.000200033187866,
			"bytes":	22713466880,
			"bits_per_second":	18170410035.495575
		},
		"cpu_utilization_percent":	{
			"host_total":	99.6029604598674,
			"host_user":	1.2375463490163769,
			"host_system":	98.365424106056324,
			"remote_total":	57.452959092402743,
			"remote_user":	4.2169018663930062,